{"mean": [927.8606602481067, 649.8320680093693, 22.573243910894536, 27.723511323233808, 60.024065343028084, 38.11158592418865, 0.8337991124374572, 18.60090365371218, 38.519085891434905, 47.7088659887635, 35.74548145135234, 27.450257513019068, 27.383763104302542, 9.736685694388893, 50.846740453414036, 51.177048803109834, 22.35494934500373, 26.06765656967588, 248.13841183329518, 416.3697489914654, 172.49898904300588, 17.95118522907166, 11.245360600430615, 241.00943820151136], "scale": [541.2131867992222, 692.6161849951651, 13.802094123642108, 14.125670613883136, 26.588393408732692, 40.56798263478402, 3.346055621647657, 21.67698400409741, 15.342945661491099, 12.95983922566567, 16.590939382924393, 9.075577626729446, 8.681610903832556, 9.973977059044845, 50.709789551462514, 49.463062558505136, 21.353308922014172, 17.620401836961875, 245.1390569416322, 119.53677197187682, 179.47271852742043, 20.695941409716852, 24.643656293618974, 6.942446161130292]}