{
  "best_threshold": 0.3,
  "class_weights": {
    "0": 0.9530880973179333,
    "1": 1.0517690742261416
  },
  "metrics": {
    "accuracy": 0.9747445602362605,
    "precision": 0.9495524816924329,
    "recall": 1.0,
    "f1_score": 0.9741235392320534,
    "roc_auc": 0.9775489204868304
  }
}