{
  "type": "StandardScaler",
  "mean": [
    37.481876801801796,
    86.4115518018018,
    39.73139864864865,
    2061.0182094594593,
    53.071621621621624,
    12.544427477477477,
    29.433742567567556,
    19.40374279279279,
    27.216409684684695,
    27.03502905405406,
    24.89348243243243,
    -12.713436891891892,
    11.068070045045044
  ],
  "scale": [
    32.72631960801157,
    3.440987886778478,
    21.340864654810808,
    679.8183985278525,
    33.199151813775714,
    12.140147814050403,
    24.841071683959257,
    24.696690162864154,
    15.800760576593305,
    15.722017072428473,
    31.599679679620902,
    47.99246069883024,
    23.7790562141485
  ],
  "var": [
    1071.011995085723,
    11.840397636956217,
    455.43250421495327,
    462153.05497697415,
    1102.1836811541273,
    147.38318894699276,
    617.0788424076025,
    609.9265050005112,
    249.66403479882518,
    247.18182082573236,
    998.539755854646,
    2303.2762839287657,
    565.4435144356344
  ],
  "n_features_in": 13,
  "feature_names": [
    "engine_load",
    "engine_coolant_temp",
    "intake_manifold_pressure",
    "engine_rpm",
    "vehicle_speed",
    "ignition_timing_advance",
    "throttle_position",
    "relative_throttle_position",
    "accelerator_pedal_d",
    "accelerator_pedal_e",
    "throttle_actuator_control",
    "steering_angle",
    "steering_angular_velocity"
  ]
}